1;2023-01-11;Брюки;Одежда;39;4000;156000
2;2023-02-21;Удлинитель;Товары для дома;106;400;42400
3;2023-11-26;Удлинитель;Товары для дома;258;400;103200
4;2023-09-16;Лимонад;Пищевые продукты;201;1500;301500
5;2023-12-01;Мыло;Бытовая химия;334;100;33400
6;2023-04-07;Верёвка;Товары для дома;94;500;47000
7;2023-03-12;Верёвка;Товары для дома;44;500;22000
8;2023-06-08;Шампунь;Бытовая химия;227;300;68100
9;2023-08-19;Брюки;Одежда;30;4000;120000
10;2023-07-14;Колбаса;Пищевые продукты;363;500;181500
11;2023-10-17;Колбаса;Пищевые продукты;209;500;104500
12;2023-03-24;Утюг;Бытовая техника;154;1500;231000
13;2023-07-15;Колбаса;Пищевые продукты;76;500;38000
14;2023-05-30;Верёвка;Товары для дома;176;500;88000
15;2023-04-04;Брюки;Одежда;23;4000;92000
16;2023-03-25;Утюг;Бытовая техника;273;1500;409500
17;2023-08-15;Гель для стирки;Бытовая химия;138;1000;138000
18;2023-10-08;Носки;Одежда;142;300;42600
19;2023-10-24;Настольная лампа;Товары для дома;299;1000;299000
20;2023-12-27;Худи;Одежда;19;2500;47500
21;2023-02-01;Удлинитель;Товары для дома;80;400;32000
22;2023-05-13;Худи;Одежда;124;2500;310000
23;2023-05-12;Брюки;Одежда;16;4000;64000
24;;Яблоки;Пищевые продукты;133;30;3990
25;2023-03-18;Утюг;Бытовая техника;107;1500;160500
26;2023-07-15;Шампиньоны;Пищевые продукты;251;10;2510
27;2023-04-06;;Товары для дома;52;100;5200
28;2023-09-17;Колбаса;Пищевые продукты;126;500;нечисло
29;2023-02-09;Гель для стирки;Бытовая химия;143;1000;143000
30;2023-05-25;Настольная лампа;Товары для дома;227;1000;227000
31;2023-09-07;Мыло;Бытовая химия;189;100;18900
32;2023-08-11;Лимонад;Пищевые продукты;нечисло;1500;351000
33;2023-03-17;Средство для мытья посуды;Бытовая химия;47;200;9400
34;2023-06-17;Лимонад;Пищевые продукты;146;1500;219000
35;2023-08-13;Худи;Одежда;151;2500;377500
36;2023-07-28;Яблоки;Пищевые продукты;224;30;6720
37;2023-09-05;Брюки;Одежда;29;4000;116000
38;2023-05-29;Мыло;;147;100;14700
39;2023-04-26;Лимонад;Пищевые продукты;55;1500;82500
40;2023-01-30;Чайник;Бытовая техника;31;2000;62000
41;2023-10-25;Удлинитель;Товары для дома;184;400;73600
42;2023-01-07;Худи;Одежда;44;2500;110000
43;2023-02-12;Чайник;Бытовая техника;190;2000;380000
44;2023-05-22;Шампунь;Бытовая химия;170;300;51000
45;2023-01-03;Утюг;Бытовая техника;237;1500;355500
46;2023-06-05;Лимонад;Пищевые продукты;213;1500;319500
47;2023-10-04;Носки;Одежда;96;300;28800
48;2023-12-04;Лимонад;Пищевые продукты;129;1500;193500
49;2023-07-27;Колбаса;Пищевые продукты;367;500;183500
50;2023-09-16;Чайник;Бытовая техника;130;2000;260000
51;2023-07-10;Лимонад;Пищевые продукты;196;1500;294000
52;2023-01-26;Гель для стирки;Бытовая химия;282;1000;282000
53;2023-07-05;Яблоки;Пищевые продукты;286;30;8580
54;2023-12-21;Колбаса;Пищевые продукты;176;500;88000
55;2023-06-06;Колбаса;Пищевые продукты;276;500;138000
56;2023-06-24;Контейнер пищевой;Товары для дома;316;100;31600
57;2023-12-30;Худи;Одежда;93;2500;232500
58;2023-12-10;Лимонад;Пищевые продукты;49;1500;73500
59;2023-05-23;Контейнер пищевой;Товары для дома;51;100;5100
60;2023-01-25;Верёвка;Товары для дома;379;500;189500
61;2023-08-13;Средство для мытья посуды;Бытовая химия;214;200;42800
62;2023-08-25;Яблоки;Пищевые продукты;379;30;11370
63;2023-01-17;Носки;Одежда;200;300;60000
64;2023-01-26;Микроволновая печь;Бытовая техника;17;4000;68000
65;2023-08-20;Микроволновая печь;Бытовая техника;38;4000;152000
66;2023-09-29;Шампунь;Бытовая химия;264;300;79200
67;2023-09-08;Настольная лампа;Товары для дома;276;1000;276000
68;2023-03-16;Футболка;Одежда;213;1500;319500
69;2023-05-04;Настольная лампа;Товары для дома;244;1000;244000
70;2023-12-27;Пылесос;Бытовая техника;8;5000;40000
71;2023-01-26;Верёвка;Товары для дома;266;500;133000
72;2023-12-08;Утюг;Бытовая техника;139;1500;208500
73;2023-12-16;Чайник;Бытовая техника;40;2000;80000
74;2023-11-05;Мыло;Бытовая химия;338;100;33800
75;2023-10-20;Средство для мытья посуды;Бытовая химия;220;200;44000
76;2023-12-22;Микроволновая печь;Бытовая техника;36;4000;144000
77;2023-12-24;Мыло;Бытовая химия;360;100;36000
78;2023-04-28;Микроволновая печь;Бытовая техника;12;4000;48000
79;2023-03-21;Яблоки;Пищевые продукты;168;30;5040
80;2023-05-09;Брюки;Одежда;35;4000;140000
81;2023-04-25;Утюг;Бытовая техника;85;1500;127500
82;2023-07-01;Контейнер пищевой;Товары для дома;140;100;14000
83;2023-03-04;Мыло;Бытовая химия;78;100;7800
84;2023-06-08;Брюки;Одежда;16;4000;64000
85;2023-05-01;Гель для стирки;Бытовая химия;212;1000;212000
86;2023-06-21;Верёвка;Товары для дома;90;500;45000
87;2023-05-08;Худи;Одежда;129;2500;322500
88;2023-08-05;Средство для мытья посуды;Бытовая химия;180;200;36000
89;2023-07-20;Пылесос;Бытовая техника;4;5000;20000
90;2023-04-25;Чайник;Бытовая техника;59;2000;118000
91;2023-07-03;Футболка;Одежда;281;1500;421500
92;2023-09-04;Яблоки;Пищевые продукты;187;30;5610
93;2023-01-13;Контейнер пищевой;Товары для дома;382;100;38200
94;2023-02-14;Шампиньоны;Пищевые продукты;302;10;3020
95;2023-12-30;Пылесос;Бытовая техника;3;5000;15000
96;2023-07-26;Удлинитель;Товары для дома;290;400;116000
97;2023-01-18;Футболка;Одежда;216;1500;324000
98;2023-01-17;Чайник;Бытовая техника;207;2000;414000
99;2023-04-28;Худи;Одежда;60;2500;150000
100;2023-07-07;Яблоки;Пищевые продукты;128;30;3840
101;2023-12-30;Худи;Одежда;132;2500;330000
102;2023-02-17;Носки;Одежда;262;300;78600
103;2023-04-08;Чайник;Бытовая техника;136;2000;272000
104;2023-11-03;Пылесос;Бытовая техника;6;5000;30000
105;2023-12-03;Брюки;Одежда;36;4000;144000
106;2023-05-30;Лимонад;Пищевые продукты;177;1500;265500
107;2023-05-31;Футболка;Одежда;75;1500;112500
108;2023-08-27;Шампиньоны;Пищевые продукты;345;10;3450
109;2023-04-30;Микроволновая печь;Бытовая техника;26;4000;104000
110;2023-07-20;Яблоки;Пищевые продукты;56;30;1680
111;2023-12-14;Пылесос;Бытовая техника;7;5000;35000
112;2023-08-14;Гель для стирки;Бытовая химия;82;1000;82000
113;2023-12-23;Мыло;Бытовая химия;228;100;22800
114;2023-12-04;Худи;Одежда;92;2500;230000
115;2023-05-31;Брюки;Одежда;4;4000;16000
116;2023-11-10;Пылесос;Бытовая техника;6;5000;30000
117;2023-06-10;Настольная лампа;Товары для дома;271;1000;271000
118;2023-02-21;Лимонад;Пищевые продукты;152;1500;228000
119;2023-07-28;Мыло;Бытовая химия;191;100;19100
120;2023-01-01;Шампунь;Бытовая химия;67;300;20100
121;2023-01-25;Шампиньоны;Пищевые продукты;50;10;500
122;2023-04-26;Брюки;Одежда;14;4000;56000
123;2023-05-05;Утюг;Бытовая техника;63;1500;94500
124;2023-11-01;Брюки;Одежда;26;4000;104000
125;2023-06-08;Мыло;Бытовая химия;302;100;30200
126;2023-11-05;Лимонад;Пищевые продукты;147;1500;220500
127;2023-02-21;Средство для мытья посуды;Бытовая химия;153;200;30600
128;2023-01-08;Футболка;Одежда;66;1500;99000
129;2023-05-04;Средство для мытья посуды;Бытовая химия;294;200;58800
130;2023-10-04;Худи;Одежда;97;2500;242500
131;2023-02-08;Настольная лампа;Товары для дома;231;1000;231000
132;2023-03-16;Утюг;Бытовая техника;268;1500;402000
133;2023-01-19;Чайник;Бытовая техника;35;2000;70000
134;2023-07-24;Яблоки;Пищевые продукты;101;30;3030
135;2023-06-24;Футболка;Одежда;284;1500;426000
136;2023-01-24;Настольная лампа;Товары для дома;240;1000;240000
137;2023-08-18;Носки;Одежда;182;300;54600
138;2023-06-22;Колбаса;Пищевые продукты;246;500;123000
139;2023-03-16;Футболка;Одежда;175;1500;262500
140;2023-03-26;Худи;Одежда;80;2500;200000
141;2023-04-05;Яблоки;Пищевые продукты;261;30;7830
142;2023-04-23;Контейнер пищевой;Товары для дома;106;100;10600
143;2023-06-25;Пылесос;Бытовая техника;6;5000;30000
144;2023-09-17;Настольная лампа;Товары для дома;273;1000;273000
145;2023-07-02;Носки;Одежда;165;300;49500
146;2023-01-21;Мыло;Бытовая химия;135;100;13500
147;2023-05-04;Колбаса;Пищевые продукты;148;500;74000
148;2023-04-21;Верёвка;Товары для дома;86;500;43000
149;2023-09-13;Лимонад;Пищевые продукты;66;1500;99000
150;2023-06-11;Контейнер пищевой;Товары для дома;240;100;24000
151;2023-04-11;Лимонад;Пищевые продукты;204;1500;306000
152;2023-10-04;Носки;Одежда;168;300;50400
153;2023-03-16;Шампунь;Бытовая химия;313;300;93900
154;2023-08-18;Яблоки;Пищевые продукты;356;30;10680
155;2023-03-28;Носки;Одежда;338;300;101400
156;2023-05-04;Колбаса;Пищевые продукты;330;500;165000
157;2023-11-25;Мыло;Бытовая химия;72;100;7200
158;2023-10-13;Колбаса;Пищевые продукты;148;500;74000
159;2023-06-16;Гель для стирки;Бытовая химия;59;1000;59000
160;2023-08-03;Гель для стирки;Бытовая химия;264;1000;264000
161;2023-06-23;Чайник;Бытовая техника;153;2000;306000
162;2023-05-31;Носки;Одежда;274;300;82200
163;2023-03-08;Пылесос;Бытовая техника;6;5000;30000
164;2023-03-31;Яблоки;Пищевые продукты;58;30;1740
165;2023-01-16;Худи;Одежда;35;2500;87500
166;2023-09-17;Шампиньоны;Пищевые продукты;249;10;2490
167;2023-10-03;Гель для стирки;Бытовая химия;111;1000;111000
168;2023-10-16;Верёвка;Товары для дома;362;500;181000
169;2023-04-07;Микроволновая печь;Бытовая техника;38;4000;152000
170;2023-10-18;Шампиньоны;Пищевые продукты;251;10;2510
171;2023-04-30;Контейнер пищевой;Товары для дома;359;100;35900
172;2023-12-03;Лимонад;Пищевые продукты;181;1500;271500
173;2023-09-24;Средство для мытья посуды;Бытовая химия;121;200;24200
174;2023-12-28;Брюки;Одежда;40;4000;160000
175;2023-07-09;Брюки;Одежда;38;4000;152000
176;2023-02-01;Верёвка;Товары для дома;358;500;179000
177;2023-03-04;Носки;Одежда;116;300;34800
178;2023-03-27;Лимонад;Пищевые продукты;86;1500;129000
179;2023-03-04;Колбаса;Пищевые продукты;305;500;152500
180;2023-07-20;Контейнер пищевой;Товары для дома;294;100;29400
181;2023-08-11;Шампиньоны;Пищевые продукты;82;10;820
182;2023-12-02;Лимонад;Пищевые продукты;171;1500;256500
183;2023-06-21;Яблоки;Пищевые продукты;171;30;5130
184;2023-11-15;Гель для стирки;Бытовая химия;206;1000;206000
185;2023-02-17;Чайник;Бытовая техника;213;2000;426000
186;2023-08-18;Микроволновая печь;Бытовая техника;16;4000;64000
187;2023-03-11;Лимонад;Пищевые продукты;253;1500;379500
188;2023-09-06;Худи;Одежда;79;2500;197500
189;2023-12-25;Настольная лампа;Товары для дома;291;1000;291000
190;2023-01-22;Утюг;Бытовая техника;202;1500;303000
191;2023-10-26;Утюг;Бытовая техника;160;1500;240000
192;2023-04-05;Колбаса;Пищевые продукты;63;500;31500
193;2023-09-25;Пылесос;Бытовая техника;8;5000;40000
194;2023-11-04;Контейнер пищевой;Товары для дома;276;100;27600
195;2023-08-30;Утюг;Бытовая техника;287;1500;430500
196;2023-02-12;Чайник;Бытовая техника;45;2000;90000
197;2023-10-08;Гель для стирки;Бытовая химия;34;1000;34000
198;2023-10-18;Колбаса;Пищевые продукты;133;500;66500
199;2023-01-25;Верёвка;Товары для дома;208;500;104000
200;2023-04-29;Мыло;Бытовая химия;326;100;32600
201;2023-09-22;Настольная лампа;Товары для дома;292;1000;292000
202;2023-11-27;Носки;Одежда;59;300;17700
203;2023-12-09;Настольная лампа;Товары для дома;82;1000;82000
204;2023-09-22;Шампунь;Бытовая химия;365;300;109500
205;2023-10-09;Футболка;Одежда;190;1500;285000
206;2023-03-25;Футболка;Одежда;258;1500;387000
207;2023-09-21;Шампунь;Бытовая химия;110;300;33000
208;2023-04-11;Гель для стирки;Бытовая химия;80;1000;80000
209;2023-11-17;Мыло;Бытовая химия;217;100;21700
210;2023-02-01;Гель для стирки;Бытовая химия;131;1000;131000
211;2023-07-29;Гель для стирки;Бытовая химия;97;1000;97000
212;2023-02-11;Шампиньоны;Пищевые продукты;219;10;2190
213;2023-08-25;Мыло;Бытовая химия;351;100;35100
214;2023-12-19;Брюки;Одежда;11;4000;44000
215;2023-04-04;Носки;Одежда;133;300;39900
216;2023-06-22;Мыло;Бытовая химия;272;100;27200
217;2023-06-30;Верёвка;Товары для дома;139;500;69500
218;2023-11-13;Худи;Одежда;115;2500;287500
219;2023-10-05;Чайник;Бытовая техника;176;2000;352000
220;2023-09-06;Чайник;Бытовая техника;112;2000;224000
221;2023-05-12;Удлинитель;Товары для дома;197;400;78800
222;2023-10-23;Средство для мытья посуды;Бытовая химия;288;200;57600
223;2023-06-01;Брюки;Одежда;35;4000;140000
224;2023-08-11;Яблоки;Пищевые продукты;320;30;9600
225;2023-12-23;Пылесос;Бытовая техника;8;5000;40000
226;2023-03-05;Шампунь;Бытовая химия;131;300;39300
227;2023-02-19;Гель для стирки;Бытовая химия;275;1000;275000
228;2023-12-05;Удлинитель;Товары для дома;321;400;128400
229;2023-01-08;Колбаса;Пищевые продукты;161;500;80500
230;2023-09-10;Лимонад;Пищевые продукты;274;1500;411000
231;2023-11-23;Настольная лампа;Товары для дома;319;1000;319000
232;2023-10-17;Яблоки;Пищевые продукты;225;30;6750
233;2023-11-02;Контейнер пищевой;Товары для дома;385;100;38500
234;2023-04-29;Мыло;Бытовая химия;227;100;22700
235;2023-02-05;Средство для мытья посуды;Бытовая химия;319;200;63800
236;2023-01-31;Пылесос;Бытовая техника;6;5000;30000
237;2023-06-19;Пылесос;Бытовая техника;8;5000;40000
238;2023-07-27;Худи;Одежда;62;2500;155000
239;2023-07-13;Верёвка;Товары для дома;245;500;122500
240;2023-09-11;Брюки;Одежда;16;4000;64000
241;2023-11-07;Чайник;Бытовая техника;191;2000;382000
242;2023-12-09;Яблоки;Пищевые продукты;279;30;8370
243;2023-02-04;Контейнер пищевой;Товары для дома;67;100;6700
244;2023-09-25;Удлинитель;Товары для дома;282;400;112800
245;2023-03-19;Худи;Одежда;157;2500;392500
246;2023-09-12;Верёвка;Товары для дома;45;500;22500
247;2023-10-18;Удлинитель;Товары для дома;251;400;100400
248;2023-07-14;Лимонад;Пищевые продукты;194;1500;291000
249;2023-12-29;Контейнер пищевой;Товары для дома;177;100;17700
250;2023-03-18;Верёвка;Товары для дома;242;500;121000
251;2023-06-17;Брюки;Одежда;8;4000;32000
252;2023-06-17;Утюг;Бытовая техника;180;1500;270000
253;2023-03-27;Верёвка;Товары для дома;311;500;155500
254;2023-12-24;Лимонад;Пищевые продукты;124;1500;186000
255;2023-08-18;Чайник;Бытовая техника;176;2000;352000
256;2023-06-14;Средство для мытья посуды;Бытовая химия;349;200;69800
257;2023-10-27;Утюг;Бытовая техника;218;1500;327000
258;2023-10-24;Пылесос;Бытовая техника;2;5000;10000
259;2023-11-07;Гель для стирки;Бытовая химия;259;1000;259000
260;2023-01-20;Брюки;Одежда;9;4000;36000
261;2023-12-17;Гель для стирки;Бытовая химия;205;1000;205000
262;2023-12-07;Чайник;Бытовая техника;119;2000;238000
263;2023-03-15;Шампиньоны;Пищевые продукты;90;10;900
264;2023-03-26;Брюки;Одежда;33;4000;132000
265;2023-08-22;Футболка;Одежда;92;1500;138000
266;2023-08-09;Утюг;Бытовая техника;118;1500;177000
267;2023-08-19;Футболка;Одежда;186;1500;279000
268;2023-03-08;Удлинитель;Товары для дома;191;400;76400
269;2023-06-23;Футболка;Одежда;60;1500;90000
270;2023-06-22;Удлинитель;Товары для дома;68;400;27200
271;2023-12-17;Утюг;Бытовая техника;276;1500;414000
272;2023-12-14;Контейнер пищевой;Товары для дома;144;100;14400
273;2023-10-09;Микроволновая печь;Бытовая техника;7;4000;28000
274;2023-04-04;Лимонад;Пищевые продукты;69;1500;103500
275;2023-07-09;Пылесос;Бытовая техника;9;5000;45000
276;2023-01-02;Носки;Одежда;305;300;91500
277;2023-10-17;Микроволновая печь;Бытовая техника;16;4000;64000
278;2023-06-30;Лимонад;Пищевые продукты;253;1500;379500
279;2023-10-30;Гель для стирки;Бытовая химия;251;1000;251000
280;2023-10-28;Лимонад;Пищевые продукты;247;1500;370500
281;2023-05-31;Контейнер пищевой;Товары для дома;375;100;37500
282;2023-06-29;Носки;Одежда;41;300;12300
283;2023-08-22;Мыло;Бытовая химия;385;100;38500
284;2023-10-16;Удлинитель;Товары для дома;235;400;94000
285;2023-07-08;Утюг;Бытовая техника;229;1500;343500
286;2023-08-07;Носки;Одежда;325;300;97500
287;2023-12-30;Лимонад;Пищевые продукты;85;1500;127500
288;2023-05-27;Лимонад;Пищевые продукты;210;1500;315000
289;2023-12-18;Пылесос;Бытовая техника;10;5000;50000
290;2023-09-07;Шампунь;Бытовая химия;162;300;48600
291;2023-11-21;Средство для мытья посуды;Бытовая химия;133;200;26600
292;2023-05-06;Настольная лампа;Товары для дома;237;1000;237000
293;2023-11-03;Футболка;Одежда;113;1500;169500
294;2023-06-26;Пылесос;Бытовая техника;8;5000;40000
295;2023-02-23;Верёвка;Товары для дома;312;500;156000
296;2023-03-29;Шампунь;Бытовая химия;219;300;65700
297;2023-10-08;Настольная лампа;Товары для дома;253;1000;253000
298;2023-09-09;Футболка;Одежда;165;1500;247500
299;2023-05-10;Контейнер пищевой;Товары для дома;205;100;20500
300;2023-11-05;Худи;Одежда;46;2500;115000
301;2023-03-05;Утюг;Бытовая техника;81;1500;121500
302;2023-07-29;Настольная лампа;Товары для дома;169;1000;169000
303;2023-09-19;Пылесос;Бытовая техника;5;5000;25000
304;2023-08-01;Средство для мытья посуды;Бытовая химия;125;200;25000
305;2023-09-08;Верёвка;Товары для дома;259;500;129500
306;2023-02-19;Верёвка;Товары для дома;126;500;63000
307;2023-03-17;Микроволновая печь;Бытовая техника;8;4000;32000
308;2023-03-08;Чайник;Бытовая техника;106;2000;212000
309;2023-03-23;Удлинитель;Товары для дома;249;400;99600
310;2023-06-24;Шампиньоны;Пищевые продукты;323;10;3230
311;2023-05-07;Яблоки;Пищевые продукты;344;30;10320
312;2023-06-02;Мыло;Бытовая химия;135;100;13500
313;2023-05-15;Носки;Одежда;114;300;34200
314;2023-08-10;Утюг;Бытовая техника;58;1500;87000
315;2023-10-09;Шампиньоны;Пищевые продукты;161;10;1610
316;2023-05-24;Брюки;Одежда;7;4000;28000
317;2023-11-13;Средство для мытья посуды;Бытовая химия;253;200;50600
318;2023-07-22;Мыло;Бытовая химия;377;100;37700
319;2023-01-13;Брюки;Одежда;34;4000;136000
320;2023-07-13;Футболка;Одежда;132;1500;198000
321;2023-07-12;Лимонад;Пищевые продукты;164;1500;246000
322;2023-01-15;Шампиньоны;Пищевые продукты;218;10;2180
323;2023-04-04;Чайник;Бытовая техника;101;2000;202000
324;2023-06-08;Носки;Одежда;351;300;105300
325;2023-04-19;Средство для мытья посуды;Бытовая химия;203;200;40600
326;2023-06-24;Микроволновая печь;Бытовая техника;20;4000;80000
327;2023-11-10;Шампиньоны;Пищевые продукты;150;10;1500
328;2023-02-26;Брюки;Одежда;5;4000;20000
329;2023-12-03;Мыло;Бытовая химия;159;100;15900
330;2023-10-05;Удлинитель;Товары для дома;155;400;62000
331;2023-06-24;Чайник;Бытовая техника;180;2000;360000
332;2023-07-15;Контейнер пищевой;Товары для дома;325;100;32500
333;2023-01-01;Мыло;Бытовая химия;274;100;27400
334;2023-06-25;Контейнер пищевой;Товары для дома;107;100;10700
335;2023-01-30;Брюки;Одежда;29;4000;116000
336;2023-07-15;Верёвка;Товары для дома;297;500;148500
337;2023-06-17;Микроволновая печь;Бытовая техника;5;4000;20000
338;2023-10-15;Средство для мытья посуды;Бытовая химия;333;200;66600
339;2023-10-17;Пылесос;Бытовая техника;4;5000;20000
340;2023-08-25;Брюки;Одежда;21;4000;84000
341;2023-08-03;Верёвка;Товары для дома;182;500;91000
342;2023-04-26;Шампиньоны;Пищевые продукты;358;10;3580
343;2023-03-29;Утюг;Бытовая техника;56;1500;84000
344;2023-10-24;Утюг;Бытовая техника;126;1500;189000
345;2023-03-27;Футболка;Одежда;265;1500;397500
346;2023-04-18;Лимонад;Пищевые продукты;203;1500;304500
347;2023-09-16;Лимонад;Пищевые продукты;84;1500;126000
348;2023-12-18;Колбаса;Пищевые продукты;130;500;65000
349;2023-07-15;Настольная лампа;Товары для дома;218;1000;218000
350;2023-06-01;Настольная лампа;Товары для дома;118;1000;118000
351;2023-02-23;Мыло;Бытовая химия;108;100;10800
352;2023-03-08;Худи;Одежда;100;2500;250000
353;2023-11-13;Брюки;Одежда;18;4000;72000
354;2023-01-06;Лимонад;Пищевые продукты;135;1500;202500
355;2023-11-13;Чайник;Бытовая техника;101;2000;202000
356;2023-12-08;Пылесос;Бытовая техника;10;5000;50000
357;2023-06-10;Микроволновая печь;Бытовая техника;11;4000;44000
358;2023-01-12;Чайник;Бытовая техника;96;2000;192000
359;2023-07-30;Лимонад;Пищевые продукты;215;1500;322500
360;2023-11-07;Яблоки;Пищевые продукты;68;30;2040
361;2023-12-13;Удлинитель;Товары для дома;238;400;95200
362;2023-09-29;Шампиньоны;Пищевые продукты;203;10;2030
363;2023-12-02;Худи;Одежда;100;2500;250000
364;2023-01-06;Удлинитель;Товары для дома;170;400;68000
365;2023-10-26;Брюки;Одежда;9;4000;36000
366;2023-10-06;Контейнер пищевой;Товары для дома;256;100;25600
367;2023-09-22;Верёвка;Товары для дома;111;500;55500
368;2023-01-02;Лимонад;Пищевые продукты;197;1500;295500
369;2023-10-19;Брюки;Одежда;38;4000;152000
370;2023-03-31;Настольная лампа;Товары для дома;85;1000;85000
371;2023-08-30;Контейнер пищевой;Товары для дома;79;100;7900
372;2023-01-31;Шампунь;Бытовая химия;195;300;58500
373;2023-04-28;Пылесос;Бытовая техника;10;5000;50000
374;2023-10-04;Шампиньоны;Пищевые продукты;59;10;590
375;2023-06-02;Футболка;Одежда;32;1500;48000
376;2023-03-21;Настольная лампа;Товары для дома;85;1000;85000
377;2023-02-07;Настольная лампа;Товары для дома;172;1000;172000
378;2023-05-14;Мыло;Бытовая химия;280;100;28000
379;2023-07-20;Контейнер пищевой;Товары для дома;160;100;16000
380;2023-07-27;Утюг;Бытовая техника;242;1500;363000
381;2023-11-21;Удлинитель;Товары для дома;350;400;140000
382;2023-07-07;Удлинитель;Товары для дома;353;400;141200
383;2023-05-14;Настольная лампа;Товары для дома;53;1000;53000
384;2023-12-29;Контейнер пищевой;Товары для дома;153;100;15300
385;2023-06-06;Пылесос;Бытовая техника;8;5000;40000
386;2023-02-17;Верёвка;Товары для дома;335;500;167500
387;2023-06-24;Гель для стирки;Бытовая химия;219;1000;219000
388;2023-11-17;Чайник;Бытовая техника;107;2000;214000
389;2023-09-22;Средство для мытья посуды;Бытовая химия;63;200;12600
390;2023-02-21;Лимонад;Пищевые продукты;247;1500;370500
391;2023-04-18;Верёвка;Товары для дома;333;500;166500
392;2023-09-10;Удлинитель;Товары для дома;238;400;95200
393;2023-12-14;Настольная лампа;Товары для дома;84;1000;84000
394;2023-04-08;Удлинитель;Товары для дома;87;400;34800
395;2023-06-13;Футболка;Одежда;210;1500;315000
396;2023-11-22;Гель для стирки;Бытовая химия;40;1000;40000
397;2023-09-02;Утюг;Бытовая техника;280;1500;420000
398;2023-12-18;Футболка;Одежда;163;1500;244500
399;2023-07-29;Колбаса;Пищевые продукты;310;500;155000
400;2023-08-08;Брюки;Одежда;14;4000;56000
401;2023-02-24;Шампиньоны;Пищевые продукты;366;10;3660
402;2023-11-29;Футболка;Одежда;247;1500;370500
403;2023-06-04;Футболка;Одежда;203;1500;304500
404;2023-10-14;Настольная лампа;Товары для дома;292;1000;292000
405;2023-11-09;Футболка;Одежда;228;1500;342000
406;2023-07-21;Пылесос;Бытовая техника;10;5000;50000
407;2023-06-28;Яблоки;Пищевые продукты;281;30;8430
408;2023-10-19;Пылесос;Бытовая техника;9;5000;45000
409;2023-07-16;Носки;Одежда;56;300;16800
410;2023-06-26;Худи;Одежда;46;2500;115000
411;2023-10-13;Футболка;Одежда;138;1500;207000
412;2023-12-28;Худи;Одежда;110;2500;275000
413;2023-01-30;Мыло;Бытовая химия;276;100;27600
414;2023-03-17;Верёвка;Товары для дома;121;500;60500
415;2023-05-05;Удлинитель;Товары для дома;129;400;51600
416;2023-11-14;Лимонад;Пищевые продукты;117;1500;175500
417;2023-06-18;Шампунь;Бытовая химия;367;300;110100
418;2023-09-18;Худи;Одежда;101;2500;252500
419;2023-12-28;Пылесос;Бытовая техника;5;5000;25000
420;2023-02-07;Контейнер пищевой;Товары для дома;88;100;8800
421;2023-10-02;Средство для мытья посуды;Бытовая химия;317;200;63400
422;2023-01-16;Носки;Одежда;222;300;66600
423;2023-02-28;Гель для стирки;Бытовая химия;303;1000;303000
424;2023-07-16;Шампиньоны;Пищевые продукты;210;10;2100
425;2023-08-02;Футболка;Одежда;157;1500;235500
426;2023-08-17;Колбаса;Пищевые продукты;177;500;88500
427;2023-01-21;Носки;Одежда;93;300;27900
428;2023-03-27;Футболка;Одежда;281;1500;421500
429;2023-07-06;Шампиньоны;Пищевые продукты;225;10;2250
430;2023-04-30;Носки;Одежда;177;300;53100
431;2023-02-07;Футболка;Одежда;59;1500;88500
432;2023-12-11;Утюг;Бытовая техника;287;1500;430500
433;2023-05-24;Пылесос;Бытовая техника;7;5000;35000
434;2023-07-10;Колбаса;Пищевые продукты;142;500;71000
435;2023-01-10;Микроволновая печь;Бытовая техника;12;4000;48000
436;2023-03-14;Лимонад;Пищевые продукты;223;1500;334500
437;2023-05-22;Средство для мытья посуды;Бытовая химия;69;200;13800
438;2023-09-30;Мыло;Бытовая химия;326;100;32600
439;2023-06-01;Чайник;Бытовая техника;211;2000;422000
440;2023-12-30;Гель для стирки;Бытовая химия;54;1000;54000
441;2023-06-22;Шампиньоны;Пищевые продукты;176;10;1760
442;2023-02-24;Футболка;Одежда;254;1500;381000
443;2023-01-20;Утюг;Бытовая техника;31;1500;46500
444;2023-06-17;Яблоки;Пищевые продукты;153;30;4590
445;2023-01-20;Шампунь;Бытовая химия;175;300;52500
446;2023-09-18;Шампунь;Бытовая химия;146;300;43800
447;2023-08-07;Утюг;Бытовая техника;138;1500;207000
448;2023-07-19;Колбаса;Пищевые продукты;165;500;82500
449;2023-08-19;Яблоки;Пищевые продукты;230;30;6900
450;2023-01-14;Утюг;Бытовая техника;126;1500;189000
451;2023-02-18;Верёвка;Товары для дома;104;500;52000
452;2023-06-23;Брюки;Одежда;6;4000;24000
453;2023-09-05;Утюг;Бытовая техника;73;1500;109500
454;2023-05-12;Колбаса;Пищевые продукты;350;500;175000
455;2023-10-16;Шампунь;Бытовая химия;49;300;14700
456;2023-01-04;Настольная лампа;Товары для дома;94;1000;94000
457;2023-07-17;Носки;Одежда;162;300;48600
458;2023-07-12;Футболка;Одежда;245;1500;367500
459;2023-09-01;Брюки;Одежда;10;4000;40000
460;2023-11-09;Удлинитель;Товары для дома;215;400;86000
461;2023-10-14;Утюг;Бытовая техника;97;1500;145500
462;2023-10-06;Чайник;Бытовая техника;66;2000;132000
463;2023-05-16;Пылесос;Бытовая техника;4;5000;20000
464;2023-07-02;Худи;Одежда;99;2500;247500
465;2023-06-26;Брюки;Одежда;19;4000;76000
466;2023-09-02;Гель для стирки;Бытовая химия;168;1000;168000
467;2023-05-08;Мыло;Бытовая химия;43;100;4300
468;2023-06-03;Утюг;Бытовая техника;248;1500;372000
469;2023-01-21;Худи;Одежда;56;2500;140000
470;2023-01-23;Гель для стирки;Бытовая химия;76;1000;76000
471;2023-05-14;Настольная лампа;Товары для дома;58;1000;58000
472;2023-12-08;Пылесос;Бытовая техника;3;5000;15000
473;2023-04-20;Футболка;Одежда;200;1500;300000
474;2023-03-15;Шампиньоны;Пищевые продукты;56;10;560
475;2023-10-24;Средство для мытья посуды;Бытовая химия;354;200;70800
476;2023-03-05;Утюг;Бытовая техника;235;1500;352500
477;2023-12-20;Шампиньоны;Пищевые продукты;343;10;3430
478;2023-02-26;Носки;Одежда;219;300;65700
479;2023-12-29;Гель для стирки;Бытовая химия;56;1000;56000
480;2023-01-14;Верёвка;Товары для дома;145;500;72500
481;2023-07-04;Худи;Одежда;138;2500;345000
482;2023-02-07;Шампиньоны;Пищевые продукты;109;10;1090
483;2023-03-07;Брюки;Одежда;35;4000;140000
484;2023-12-30;Яблоки;Пищевые продукты;260;30;7800
485;2023-07-17;Гель для стирки;Бытовая химия;171;1000;171000
486;2023-07-26;Гель для стирки;Бытовая химия;240;1000;240000
487;2023-01-08;Верёвка;Товары для дома;133;500;66500
488;2023-10-22;Мыло;Бытовая химия;80;100;8000
489;2023-02-11;Утюг;Бытовая техника;183;1500;274500
490;2023-04-24;Верёвка;Товары для дома;206;500;103000
491;2023-03-08;Микроволновая печь;Бытовая техника;37;4000;148000
492;2023-05-10;Верёвка;Товары для дома;144;500;72000
493;2023-02-10;Колбаса;Пищевые продукты;47;500;23500
494;2023-11-23;Яблоки;Пищевые продукты;359;30;10770
495;2023-04-02;Средство для мытья посуды;Бытовая химия;215;200;43000
496;2023-04-18;Шампиньоны;Пищевые продукты;235;10;2350
497;2023-08-26;Верёвка;Товары для дома;324;500;162000
498;2023-10-17;Удлинитель;Товары для дома;168;400;67200
499;2023-03-20;Носки;Одежда;147;300;44100
500;2023-04-05;Утюг;Бытовая техника;39;1500;58500
501;2023-10-13;Контейнер пищевой;Товары для дома;346;100;34600
502;2023-01-15;Шампунь;Бытовая химия;287;300;86100
503;2023-09-26;Футболка;Одежда;54;1500;81000
504;2023-12-23;Брюки;Одежда;30;4000;120000
505;2023-03-15;Футболка;Одежда;101;1500;151500
506;2023-01-02;Настольная лампа;Товары для дома;264;1000;264000
507;2023-06-07;Средство для мытья посуды;Бытовая химия;334;200;66800
508;2023-01-29;Шампунь;Бытовая химия;332;300;99600
509;2023-11-21;Брюки;Одежда;39;4000;156000
510;2023-07-31;Яблоки;Пищевые продукты;264;30;7920
511;2023-10-22;Чайник;Бытовая техника;51;2000;102000
512;2023-08-23;Колбаса;Пищевые продукты;127;500;63500
513;2023-05-21;Футболка;Одежда;130;1500;195000
514;2023-07-29;Колбаса;Пищевые продукты;309;500;154500
515;2023-09-21;Футболка;Одежда;196;1500;294000
516;2023-09-03;Худи;Одежда;82;2500;205000
517;2023-06-10;Настольная лампа;Товары для дома;179;1000;179000
518;2023-03-27;Утюг;Бытовая техника;59;1500;88500
519;2023-03-05;Гель для стирки;Бытовая химия;238;1000;238000
520;2023-06-16;Чайник;Бытовая техника;155;2000;310000
521;2023-06-22;Брюки;Одежда;10;4000;40000
522;2023-04-19;Чайник;Бытовая техника;171;2000;342000
523;2023-04-10;Верёвка;Товары для дома;251;500;125500
524;2023-04-27;Микроволновая печь;Бытовая техника;28;4000;112000
525;2023-01-12;Шампунь;Бытовая химия;91;300;27300
526;2023-12-01;Утюг;Бытовая техника;131;1500;196500
527;2023-09-18;Верёвка;Товары для дома;379;500;189500
528;2023-04-10;Носки;Одежда;188;300;56400
529;2023-09-18;Носки;Одежда;136;300;40800
530;2023-06-04;Шампунь;Бытовая химия;81;300;24300
531;2023-04-30;Гель для стирки;Бытовая химия;102;1000;102000
532;2023-06-19;Яблоки;Пищевые продукты;150;30;4500
533;2023-02-13;Носки;Одежда;377;300;113100
534;2023-10-02;Гель для стирки;Бытовая химия;316;1000;316000
535;2023-12-05;Средство для мытья посуды;Бытовая химия;245;200;49000
536;2023-01-31;Гель для стирки;Бытовая химия;208;1000;208000
537;2023-05-06;Чайник;Бытовая техника;228;2000;456000
538;2023-05-21;Утюг;Бытовая техника;219;1500;328500
539;2023-11-17;Гель для стирки;Бытовая химия;66;1000;66000
540;2023-09-04;Мыло;Бытовая химия;272;100;27200
541;2023-03-08;Верёвка;Товары для дома;193;500;96500
542;2023-09-12;Гель для стирки;Бытовая химия;89;1000;89000
543;2023-08-16;Верёвка;Товары для дома;312;500;156000
544;2023-01-20;Средство для мытья посуды;Бытовая химия;147;200;29400
545;2023-07-04;Гель для стирки;Бытовая химия;48;1000;48000
546;2023-11-16;Шампунь;Бытовая химия;150;300;45000
547;2023-04-23;Чайник;Бытовая техника;141;2000;282000
548;2023-01-14;Шампунь;Бытовая химия;230;300;69000
549;2023-03-29;Средство для мытья посуды;Бытовая химия;74;200;14800
550;2023-06-24;Худи;Одежда;69;2500;172500
551;2023-12-20;Контейнер пищевой;Товары для дома;245;100;24500
552;2023-07-11;Средство для мытья посуды;Бытовая химия;137;200;27400
553;2023-01-22;Футболка;Одежда;235;1500;352500
554;2023-05-25;Шампунь;Бытовая химия;122;300;36600
555;2023-08-11;Шампиньоны;Пищевые продукты;178;10;1780
556;2023-03-19;Чайник;Бытовая техника;106;2000;212000
557;2023-12-11;Носки;Одежда;101;300;30300
558;2023-09-06;Пылесос;Бытовая техника;7;5000;35000
559;2023-09-25;Утюг;Бытовая техника;146;1500;219000
560;2023-10-07;Мыло;Бытовая химия;121;100;12100
561;2023-01-21;Контейнер пищевой;Товары для дома;105;100;10500
562;2023-06-01;Носки;Одежда;220;300;66000
563;2023-11-06;Микроволновая печь;Бытовая техника;6;4000;24000
564;2023-01-27;Верёвка;Товары для дома;372;500;186000
565;2023-03-08;Шампунь;Бытовая химия;373;300;111900
566;2023-11-24;Мыло;Бытовая химия;183;100;18300
567;2023-03-20;Утюг;Бытовая техника;188;1500;282000
568;2023-01-17;Настольная лампа;Товары для дома;58;1000;58000
569;2023-07-19;Утюг;Бытовая техника;120;1500;180000
570;2023-12-04;Утюг;Бытовая техника;99;1500;148500
571;2023-07-21;Лимонад;Пищевые продукты;86;1500;129000
572;2023-06-26;Колбаса;Пищевые продукты;378;500;189000
573;2023-09-03;Микроволновая печь;Бытовая техника;22;4000;88000
574;2023-11-18;Контейнер пищевой;Товары для дома;162;100;16200
575;2023-05-02;Микроволновая печь;Бытовая техника;27;4000;108000
576;2023-05-29;Чайник;Бытовая техника;206;2000;412000
577;2023-01-30;Яблоки;Пищевые продукты;335;30;10050
578;2023-07-26;Футболка;Одежда;189;1500;283500
579;2023-06-26;Мыло;Бытовая химия;313;100;31300
580;2023-05-29;Чайник;Бытовая техника;41;2000;82000
581;2023-10-08;Мыло;Бытовая химия;235;100;23500
582;2023-11-15;Средство для мытья посуды;Бытовая химия;144;200;28800
583;2023-06-13;Контейнер пищевой;Товары для дома;287;100;28700
584;2023-09-05;Худи;Одежда;40;2500;100000
585;2023-09-05;Средство для мытья посуды;Бытовая химия;82;200;16400
586;2023-05-19;Настольная лампа;Товары для дома;340;1000;340000
587;2023-12-19;Носки;Одежда;281;300;84300
588;2023-02-05;Лимонад;Пищевые продукты;68;1500;102000
589;2023-05-19;Носки;Одежда;253;300;75900
590;2023-04-29;Утюг;Бытовая техника;279;1500;418500
591;2023-08-13;Мыло;Бытовая химия;361;100;36100
592;2023-10-16;Лимонад;Пищевые продукты;287;1500;430500
593;2023-12-20;Удлинитель;Товары для дома;384;400;153600
594;2023-12-21;Лимонад;Пищевые продукты;211;1500;316500
595;2023-02-10;Брюки;Одежда;11;4000;44000
596;2023-04-28;Мыло;Бытовая химия;268;100;26800
597;2023-05-09;Контейнер пищевой;Товары для дома;303;100;30300
598;2023-10-25;Шампунь;Бытовая химия;204;300;61200
599;2023-09-19;Футболка;Одежда;268;1500;402000
600;2023-09-26;Лимонад;Пищевые продукты;267;1500;400500
601;2023-09-04;Мыло;Бытовая химия;168;100;16800
602;2023-12-21;Гель для стирки;Бытовая химия;231;1000;231000
603;2023-03-15;Утюг;Бытовая техника;285;1500;427500
604;2023-11-08;Футболка;Одежда;84;1500;126000
605;2023-10-02;Удлинитель;Товары для дома;286;400;114400
606;2023-10-23;Удлинитель;Товары для дома;149;400;59600
607;2023-11-21;Микроволновая печь;Бытовая техника;26;4000;104000
608;2023-07-25;Брюки;Одежда;6;4000;24000
609;2023-08-26;Настольная лампа;Товары для дома;295;1000;295000
610;2023-06-12;Брюки;Одежда;11;4000;44000
611;2023-08-26;Футболка;Одежда;72;1500;108000
612;2023-05-19;Удлинитель;Товары для дома;191;400;76400
613;2023-08-18;Футболка;Одежда;148;1500;222000
614;2023-05-19;Шампиньоны;Пищевые продукты;165;10;1650
615;2023-10-29;Гель для стирки;Бытовая химия;246;1000;246000
616;2023-03-01;Колбаса;Пищевые продукты;136;500;68000
617;2023-08-10;Верёвка;Товары для дома;71;500;35500
618;2023-06-18;Мыло;Бытовая химия;372;100;37200
619;2023-11-20;Колбаса;Пищевые продукты;222;500;111000
620;2023-11-13;Лимонад;Пищевые продукты;205;1500;307500
621;2023-07-05;Колбаса;Пищевые продукты;320;500;160000
622;2023-11-11;Пылесос;Бытовая техника;5;5000;25000
623;2023-02-10;Шампиньоны;Пищевые продукты;304;10;3040
624;2023-11-10;Гель для стирки;Бытовая химия;318;1000;318000
625;2023-10-05;Контейнер пищевой;Товары для дома;370;100;37000
626;2023-06-27;Мыло;Бытовая химия;75;100;7500
627;2023-10-26;Шампиньоны;Пищевые продукты;239;10;2390
628;2023-09-10;Футболка;Одежда;117;1500;175500
629;2023-11-26;Худи;Одежда;115;2500;287500
630;2023-11-27;Настольная лампа;Товары для дома;302;1000;302000
631;2023-01-03;Пылесос;Бытовая техника;2;5000;10000
632;2023-03-23;Чайник;Бытовая техника;101;2000;202000
633;2023-04-20;Брюки;Одежда;18;4000;72000
634;2023-12-07;Колбаса;Пищевые продукты;375;500;187500
635;2023-12-15;Гель для стирки;Бытовая химия;152;1000;152000
636;2023-03-31;Лимонад;Пищевые продукты;97;1500;145500
637;2023-05-31;Худи;Одежда;108;2500;270000
638;2023-12-09;Верёвка;Товары для дома;169;500;84500
639;2023-04-21;Пылесос;Бытовая техника;4;5000;20000
640;2023-02-22;Футболка;Одежда;37;1500;55500
641;2023-11-22;Лимонад;Пищевые продукты;282;1500;423000
642;2023-09-30;Шампунь;Бытовая химия;350;300;105000
643;2023-07-27;Носки;Одежда;265;300;79500
644;2023-06-24;Шампунь;Бытовая химия;222;300;66600
645;2023-04-08;Лимонад;Пищевые продукты;79;1500;118500
646;2023-04-25;Шампунь;Бытовая химия;323;300;96900
647;2023-01-18;Удлинитель;Товары для дома;223;400;89200
648;2023-02-18;Носки;Одежда;202;300;60600
649;2023-12-16;Худи;Одежда;16;2500;40000
650;2023-05-11;Носки;Одежда;173;300;51900
651;2023-08-31;Верёвка;Товары для дома;173;500;86500
652;2023-10-28;Пылесос;Бытовая техника;5;5000;25000
653;2023-12-23;Футболка;Одежда;267;1500;400500
654;2023-02-09;Утюг;Бытовая техника;37;1500;55500
655;2023-06-06;Яблоки;Пищевые продукты;40;30;1200
656;2023-07-29;Мыло;Бытовая химия;191;100;19100
657;2023-07-23;Верёвка;Товары для дома;267;500;133500
658;2023-05-30;Футболка;Одежда;145;1500;217500
659;2023-07-31;Верёвка;Товары для дома;106;500;53000
660;2023-12-15;Микроволновая печь;Бытовая техника;26;4000;104000
661;2023-06-21;Верёвка;Товары для дома;143;500;71500
662;2023-06-03;Шампиньоны;Пищевые продукты;369;10;3690
663;2023-01-14;Чайник;Бытовая техника;122;2000;244000
664;2023-03-29;Мыло;Бытовая химия;292;100;29200
665;2023-11-28;Чайник;Бытовая техника;133;2000;266000
666;2023-09-15;Мыло;Бытовая химия;306;100;30600
667;2023-10-15;Верёвка;Товары для дома;353;500;176500
668;2023-02-27;Пылесос;Бытовая техника;1;5000;5000
669;2023-07-18;Средство для мытья посуды;Бытовая химия;57;200;11400
670;2023-06-04;Удлинитель;Товары для дома;223;400;89200
671;2023-07-14;Шампиньоны;Пищевые продукты;200;10;2000
672;2023-02-24;Шампунь;Бытовая химия;390;300;117000
673;2023-11-02;Худи;Одежда;92;2500;230000
674;2023-09-24;Яблоки;Пищевые продукты;277;30;8310
675;2023-10-12;Микроволновая печь;Бытовая техника;22;4000;88000
676;2023-05-18;Лимонад;Пищевые продукты;261;1500;391500
677;2023-07-11;Шампиньоны;Пищевые продукты;63;10;630
678;2023-10-08;Брюки;Одежда;14;4000;56000
679;2023-09-19;Худи;Одежда;131;2500;327500
680;2023-01-25;Яблоки;Пищевые продукты;70;30;2100
681;2023-03-10;Шампунь;Бытовая химия;244;300;73200
682;2023-07-11;Микроволновая печь;Бытовая техника;28;4000;112000
683;2023-02-24;Пылесос;Бытовая техника;5;5000;25000
684;2023-02-15;Контейнер пищевой;Товары для дома;90;100;9000
685;2023-10-08;Верёвка;Товары для дома;292;500;146000
686;2023-01-29;Мыло;Бытовая химия;389;100;38900
687;2023-08-30;Футболка;Одежда;79;1500;118500
688;2023-05-27;Футболка;Одежда;260;1500;390000
689;2023-01-16;Брюки;Одежда;33;4000;132000
690;2023-01-12;Брюки;Одежда;17;4000;68000
691;2023-06-01;Футболка;Одежда;165;1500;247500
692;2023-02-09;Утюг;Бытовая техника;73;1500;109500
693;2023-11-24;Гель для стирки;Бытовая химия;218;1000;218000
694;2023-03-12;Брюки;Одежда;23;4000;92000
695;2023-12-05;Настольная лампа;Товары для дома;215;1000;215000
696;2023-11-14;Средство для мытья посуды;Бытовая химия;323;200;64600
697;2023-07-26;Шампунь;Бытовая химия;55;300;16500
698;2023-07-07;Худи;Одежда;45;2500;112500
699;2023-06-29;Средство для мытья посуды;Бытовая химия;316;200;63200
700;2023-05-10;Средство для мытья посуды;Бытовая химия;360;200;72000
701;2023-01-13;Футболка;Одежда;290;1500;435000
702;2023-01-19;Гель для стирки;Бытовая химия;113;1000;113000
703;2023-04-19;Футболка;Одежда;58;1500;87000
704;2023-05-20;Шампиньоны;Пищевые продукты;203;10;2030
705;2023-04-13;Шампиньоны;Пищевые продукты;265;10;2650
706;2023-01-17;Удлинитель;Товары для дома;148;400;59200
707;2023-05-10;Настольная лампа;Товары для дома;247;1000;247000
708;2023-05-08;Яблоки;Пищевые продукты;353;30;10590
709;2023-10-20;Худи;Одежда;47;2500;117500
710;2023-02-03;Настольная лампа;Товары для дома;179;1000;179000
711;2023-03-06;Яблоки;Пищевые продукты;126;30;3780
712;2023-11-21;Средство для мытья посуды;Бытовая химия;190;200;38000
713;2023-01-17;Футболка;Одежда;38;1500;57000
714;2023-01-23;Лимонад;Пищевые продукты;140;1500;210000
715;2023-09-12;Шампунь;Бытовая химия;288;300;86400
716;2023-10-11;Настольная лампа;Товары для дома;202;1000;202000
717;2023-02-21;Гель для стирки;Бытовая химия;230;1000;230000
718;2023-06-26;Футболка;Одежда;217;1500;325500
719;2023-09-26;Верёвка;Товары для дома;369;500;184500
720;2023-03-15;Пылесос;Бытовая техника;9;5000;45000
721;2023-08-05;Пылесос;Бытовая техника;3;5000;15000
722;2023-05-18;Шампунь;Бытовая химия;83;300;24900
723;2023-04-26;Настольная лампа;Товары для дома;272;1000;272000
724;2023-02-08;Шампиньоны;Пищевые продукты;215;10;2150
725;2023-12-25;Утюг;Бытовая техника;163;1500;244500
726;2023-07-28;Шампиньоны;Пищевые продукты;209;10;2090
727;2023-01-13;Лимонад;Пищевые продукты;69;1500;103500
728;2023-04-06;Колбаса;Пищевые продукты;207;500;103500
729;2023-12-28;Пылесос;Бытовая техника;2;5000;10000
730;2023-06-15;Носки;Одежда;327;300;98100
731;2023-04-09;Шампунь;Бытовая химия;111;300;33300
732;2023-12-04;Настольная лампа;Товары для дома;248;1000;248000
733;2023-01-08;Лимонад;Пищевые продукты;207;1500;310500
734;2023-04-23;Пылесос;Бытовая техника;9;5000;45000
735;2023-12-02;Мыло;Бытовая химия;228;100;22800
736;2023-03-21;Футболка;Одежда;142;1500;213000
737;2023-04-21;Худи;Одежда;154;2500;385000
738;2023-07-01;Контейнер пищевой;Товары для дома;193;100;19300
739;2023-09-09;Брюки;Одежда;31;4000;124000
740;2023-01-06;Удлинитель;Товары для дома;252;400;100800
741;2023-05-24;Лимонад;Пищевые продукты;208;1500;312000
742;2023-12-03;Утюг;Бытовая техника;52;1500;78000
743;2023-01-16;Верёвка;Товары для дома;288;500;144000
744;2023-11-21;Средство для мытья посуды;Бытовая химия;123;200;24600
745;2023-04-25;Футболка;Одежда;50;1500;75000
746;2023-12-27;Средство для мытья посуды;Бытовая химия;59;200;11800
747;2023-07-07;Контейнер пищевой;Товары для дома;62;100;6200
748;2023-12-01;Настольная лампа;Товары для дома;184;1000;184000
749;2023-07-22;Верёвка;Товары для дома;77;500;38500
750;2023-08-22;Утюг;Бытовая техника;179;1500;268500
751;2023-12-16;Шампунь;Бытовая химия;298;300;89400
752;2023-06-26;Контейнер пищевой;Товары для дома;103;100;10300
753;2023-03-12;Пылесос;Бытовая техника;2;5000;10000
754;2023-09-23;Верёвка;Товары для дома;214;500;107000
755;2023-09-07;Средство для мытья посуды;Бытовая химия;371;200;74200
756;2023-01-12;Футболка;Одежда;72;1500;108000
757;2023-03-14;Мыло;Бытовая химия;342;100;34200
758;2023-08-08;Брюки;Одежда;30;4000;120000
759;2023-05-17;Утюг;Бытовая техника;207;1500;310500
760;2023-03-07;Носки;Одежда;124;300;37200
761;2023-12-10;Колбаса;Пищевые продукты;49;500;24500
762;2023-02-05;Утюг;Бытовая техника;147;1500;220500
763;2023-07-14;Лимонад;Пищевые продукты;56;1500;84000
764;2023-08-15;Верёвка;Товары для дома;358;500;179000
765;2023-04-05;Яблоки;Пищевые продукты;172;30;5160
766;2023-04-04;Настольная лампа;Товары для дома;213;1000;213000
767;2023-08-19;Чайник;Бытовая техника;40;2000;80000
768;2023-03-13;Шампунь;Бытовая химия;324;300;97200
769;2023-08-30;Мыло;Бытовая химия;303;100;30300
770;2023-08-21;Верёвка;Товары для дома;290;500;145000
771;2023-01-16;Шампунь;Бытовая химия;79;300;23700
772;2023-10-26;Утюг;Бытовая техника;72;1500;108000
773;2023-10-31;Верёвка;Товары для дома;272;500;136000
774;2023-06-27;Утюг;Бытовая техника;55;1500;82500
775;2023-06-25;Брюки;Одежда;31;4000;124000
776;2023-09-30;Лимонад;Пищевые продукты;281;1500;421500
777;2023-06-28;Колбаса;Пищевые продукты;88;500;44000
778;2023-06-15;Брюки;Одежда;22;4000;88000
779;2023-04-09;Средство для мытья посуды;Бытовая химия;280;200;56000
780;2023-12-07;Утюг;Бытовая техника;180;1500;270000
781;2023-06-26;Контейнер пищевой;Товары для дома;83;100;8300
782;2023-04-13;Пылесос;Бытовая техника;6;5000;30000
783;2023-12-28;Футболка;Одежда;166;1500;249000
784;2023-03-06;Худи;Одежда;118;2500;295000
785;2023-09-04;Мыло;Бытовая химия;217;100;21700
786;2023-08-10;Мыло;Бытовая химия;208;100;20800
787;2023-08-03;Чайник;Бытовая техника;92;2000;184000
788;2023-02-21;Брюки;Одежда;29;4000;116000
789;2023-02-18;Футболка;Одежда;237;1500;355500
790;2023-02-28;Гель для стирки;Бытовая химия;66;1000;66000
791;2023-10-05;Шампиньоны;Пищевые продукты;160;10;1600
792;2023-04-11;Шампунь;Бытовая химия;63;300;18900
793;2023-10-08;Средство для мытья посуды;Бытовая химия;250;200;50000
794;2023-10-30;Шампиньоны;Пищевые продукты;62;10;620
795;2023-04-16;Носки;Одежда;231;300;69300
796;2023-08-13;Утюг;Бытовая техника;177;1500;265500
797;2023-05-14;Брюки;Одежда;35;4000;140000
798;2023-02-22;Удлинитель;Товары для дома;242;400;96800
799;2023-10-07;Утюг;Бытовая техника;152;1500;228000
800;2023-03-15;Лимонад;Пищевые продукты;289;1500;433500
801;2023-10-02;Брюки;Одежда;23;4000;92000
802;2023-09-26;Контейнер пищевой;Товары для дома;257;100;25700
803;2023-12-22;Шампиньоны;Пищевые продукты;328;10;3280
804;2023-10-26;Яблоки;Пищевые продукты;267;30;8010
805;2023-03-13;Гель для стирки;Бытовая химия;149;1000;149000
806;2023-07-11;Контейнер пищевой;Товары для дома;361;100;36100
807;2023-09-04;Средство для мытья посуды;Бытовая химия;180;200;36000
808;2023-02-07;Пылесос;Бытовая техника;7;5000;35000
809;2023-08-12;Шампунь;Бытовая химия;90;300;27000
810;2023-02-23;Верёвка;Товары для дома;316;500;158000
811;2023-07-15;Микроволновая печь;Бытовая техника;13;4000;52000
812;2023-07-25;Верёвка;Товары для дома;227;500;113500
813;2023-07-28;Футболка;Одежда;283;1500;424500
814;2023-10-20;Микроволновая печь;Бытовая техника;25;4000;100000
815;2023-12-07;Мыло;Бытовая химия;86;100;8600
816;2023-05-27;Шампунь;Бытовая химия;122;300;36600
817;2023-04-14;Брюки;Одежда;26;4000;104000
818;2023-04-04;Настольная лампа;Товары для дома;221;1000;221000
819;2023-11-19;Контейнер пищевой;Товары для дома;138;100;13800
820;2023-08-02;Гель для стирки;Бытовая химия;148;1000;148000
821;2023-01-05;Колбаса;Пищевые продукты;228;500;114000
822;2023-07-17;Удлинитель;Товары для дома;358;400;143200
823;2023-12-03;Гель для стирки;Бытовая химия;34;1000;34000
824;2023-06-22;Футболка;Одежда;238;1500;357000
825;2023-02-23;Шампунь;Бытовая химия;315;300;94500
826;2023-04-16;Мыло;Бытовая химия;354;100;35400
827;2023-02-19;Носки;Одежда;387;300;116100
828;2023-04-10;Контейнер пищевой;Товары для дома;320;100;32000
829;2023-01-12;Худи;Одежда;155;2500;387500
830;2023-04-30;Средство для мытья посуды;Бытовая химия;368;200;73600
831;2023-03-02;Удлинитель;Товары для дома;361;400;144400
832;2023-04-29;Настольная лампа;Товары для дома;94;1000;94000
833;2023-12-21;Колбаса;Пищевые продукты;138;500;69000
834;2023-04-01;Шампунь;Бытовая химия;104;300;31200
835;2023-01-22;Шампунь;Бытовая химия;252;300;75600
836;2023-05-22;Контейнер пищевой;Товары для дома;333;100;33300
837;2023-05-24;Гель для стирки;Бытовая химия;94;1000;94000
838;2023-01-04;Средство для мытья посуды;Бытовая химия;218;200;43600
839;2023-10-23;Лимонад;Пищевые продукты;199;1500;298500
840;2023-12-21;Гель для стирки;Бытовая химия;164;1000;164000
841;2023-11-26;Настольная лампа;Товары для дома;61;1000;61000
842;2023-03-09;Худи;Одежда;19;2500;47500
843;2023-11-29;Контейнер пищевой;Товары для дома;270;100;27000
844;2023-02-15;Удлинитель;Товары для дома;184;400;73600
845;2023-05-31;Шампиньоны;Пищевые продукты;85;10;850
846;2023-01-10;Верёвка;Товары для дома;122;500;61000
847;2023-08-20;Мыло;Бытовая химия;359;100;35900
848;2023-10-21;Контейнер пищевой;Товары для дома;125;100;12500
849;2023-11-09;Носки;Одежда;152;300;45600
850;2023-01-01;Носки;Одежда;315;300;94500
851;2023-08-11;Носки;Одежда;313;300;93900
852;2023-10-29;Мыло;Бытовая химия;386;100;38600
853;2023-06-13;Чайник;Бытовая техника;148;2000;296000
854;2023-03-07;Шампиньоны;Пищевые продукты;365;10;3650
855;2023-06-10;Микроволновая печь;Бытовая техника;33;4000;132000
856;2023-02-10;Средство для мытья посуды;Бытовая химия;260;200;52000
857;2023-06-22;Верёвка;Товары для дома;79;500;39500
858;2023-08-20;Худи;Одежда;151;2500;377500
859;2023-06-04;Чайник;Бытовая техника;118;2000;236000
860;2023-10-01;Чайник;Бытовая техника;49;2000;98000
861;2023-04-26;Мыло;Бытовая химия;153;100;15300
862;2023-11-20;Худи;Одежда;68;2500;170000
863;2023-06-30;Худи;Одежда;90;2500;225000
864;2023-04-03;Футболка;Одежда;284;1500;426000
865;2023-12-21;Мыло;Бытовая химия;273;100;27300
866;2023-05-26;Яблоки;Пищевые продукты;237;30;7110
867;2023-04-05;Верёвка;Товары для дома;340;500;170000
868;2023-12-03;Утюг;Бытовая техника;147;1500;220500
869;2023-09-24;Шампунь;Бытовая химия;206;300;61800
870;2023-08-09;Яблоки;Пищевые продукты;47;30;1410
871;2023-04-30;Яблоки;Пищевые продукты;362;30;10860
872;2023-02-05;Утюг;Бытовая техника;82;1500;123000
873;2023-10-08;Лимонад;Пищевые продукты;247;1500;370500
874;2023-05-18;Шампунь;Бытовая химия;238;300;71400
875;2023-12-05;Средство для мытья посуды;Бытовая химия;254;200;50800
876;2023-06-03;Настольная лампа;Товары для дома;200;1000;200000
877;2023-11-23;Носки;Одежда;295;300;88500
878;2023-04-10;Колбаса;Пищевые продукты;79;500;39500
879;2023-06-21;Микроволновая печь;Бытовая техника;37;4000;148000
880;2023-05-25;Брюки;Одежда;21;4000;84000
881;2023-01-07;Лимонад;Пищевые продукты;235;1500;352500
882;2023-08-18;Лимонад;Пищевые продукты;85;1500;127500
883;2023-08-29;Верёвка;Товары для дома;375;500;187500
884;2023-06-24;Средство для мытья посуды;Бытовая химия;102;200;20400
885;2023-01-14;Лимонад;Пищевые продукты;40;1500;60000
886;2023-03-08;Лимонад;Пищевые продукты;202;1500;303000
887;2023-09-29;Контейнер пищевой;Товары для дома;224;100;22400
888;2023-03-03;Колбаса;Пищевые продукты;89;500;44500
889;2023-11-04;Контейнер пищевой;Товары для дома;118;100;11800
890;2023-07-14;Настольная лампа;Товары для дома;87;1000;87000
891;2023-08-16;Верёвка;Товары для дома;320;500;160000
892;2023-03-05;Лимонад;Пищевые продукты;259;1500;388500
893;2023-12-17;Носки;Одежда;236;300;70800
894;2023-03-22;Носки;Одежда;150;300;45000
895;2023-05-26;Яблоки;Пищевые продукты;220;30;6600
896;2023-08-12;Пылесос;Бытовая техника;9;5000;45000
897;2023-01-07;Пылесос;Бытовая техника;9;5000;45000
898;2023-03-27;Чайник;Бытовая техника;84;2000;168000
899;2023-02-05;Лимонад;Пищевые продукты;67;1500;100500
900;2023-05-22;Брюки;Одежда;19;4000;76000
901;2023-05-18;Колбаса;Пищевые продукты;238;500;119000
902;2023-05-06;Брюки;Одежда;5;4000;20000
903;2023-04-10;Лимонад;Пищевые продукты;282;1500;423000
904;2023-03-28;Гель для стирки;Бытовая химия;321;1000;321000
905;2023-09-26;Носки;Одежда;54;300;16200
906;2023-04-23;Чайник;Бытовая техника;172;2000;344000
907;2023-11-01;Лимонад;Пищевые продукты;260;1500;390000
908;2023-11-28;Чайник;Бытовая техника;166;2000;332000
909;2023-03-22;Худи;Одежда;152;2500;380000
910;2023-08-19;Брюки;Одежда;38;4000;152000
911;2023-06-05;Удлинитель;Товары для дома;112;400;44800
912;2023-05-12;Мыло;Бытовая химия;290;100;29000
913;2023-12-19;Пылесос;Бытовая техника;2;5000;10000
914;2023-04-21;Шампиньоны;Пищевые продукты;152;10;1520
915;2023-02-28;Контейнер пищевой;Товары для дома;249;100;24900
916;2023-11-14;Верёвка;Товары для дома;146;500;73000
917;2023-06-05;Верёвка;Товары для дома;148;500;74000
918;2023-04-03;Средство для мытья посуды;Бытовая химия;348;200;69600
919;2023-08-15;Носки;Одежда;141;300;42300
920;2023-06-29;Контейнер пищевой;Товары для дома;118;100;11800
921;2023-05-21;Удлинитель;Товары для дома;366;400;146400
922;2023-11-21;Футболка;Одежда;234;1500;351000
923;2023-06-11;Худи;Одежда;155;2500;387500
924;2023-02-02;Брюки;Одежда;16;4000;64000
925;2023-05-25;Чайник;Бытовая техника;182;2000;364000
926;2023-08-24;Носки;Одежда;43;300;12900
927;2023-06-15;Чайник;Бытовая техника;164;2000;328000
928;2023-07-24;Шампунь;Бытовая химия;201;300;60300
929;2023-04-10;Удлинитель;Товары для дома;300;400;120000
930;2023-12-07;Утюг;Бытовая техника;168;1500;252000
931;2023-02-28;Настольная лампа;Товары для дома;204;1000;204000
932;2023-01-10;Гель для стирки;Бытовая химия;277;1000;277000
933;2023-07-16;Гель для стирки;Бытовая химия;219;1000;219000
934;2023-11-01;Шампиньоны;Пищевые продукты;139;10;1390
935;2023-02-08;Пылесос;Бытовая техника;3;5000;15000
936;2023-10-05;Микроволновая печь;Бытовая техника;39;4000;156000
937;2023-02-12;Шампунь;Бытовая химия;241;300;72300
938;2023-09-13;Настольная лампа;Товары для дома;189;1000;189000
939;2023-12-12;Верёвка;Товары для дома;256;500;128000
940;2023-06-11;Чайник;Бытовая техника;201;2000;402000
941;2023-01-12;Удлинитель;Товары для дома;352;400;140800
942;2023-06-15;Утюг;Бытовая техника;220;1500;330000
943;2023-12-07;Носки;Одежда;110;300;33000
944;2023-01-19;Контейнер пищевой;Товары для дома;167;100;16700
945;2023-08-31;Носки;Одежда;264;300;79200
946;2023-04-07;Шампунь;Бытовая химия;190;300;57000
947;2023-10-22;Удлинитель;Товары для дома;102;400;40800
948;2023-06-19;Удлинитель;Товары для дома;347;400;138800
949;2023-10-19;Шампунь;Бытовая химия;274;300;82200
950;2023-06-30;Гель для стирки;Бытовая химия;166;1000;166000
951;2023-08-25;Микроволновая печь;Бытовая техника;23;4000;92000
952;2023-10-26;Колбаса;Пищевые продукты;178;500;89000
953;2023-03-22;Микроволновая печь;Бытовая техника;22;4000;88000
954;2023-12-05;Средство для мытья посуды;Бытовая химия;159;200;31800
955;2023-11-21;Пылесос;Бытовая техника;5;5000;25000
956;2023-06-29;Яблоки;Пищевые продукты;167;30;5010
957;2023-08-27;Худи;Одежда;74;2500;185000
958;2023-09-01;Носки;Одежда;348;300;104400
959;2023-08-14;Мыло;Бытовая химия;301;100;30100
960;2023-08-17;Носки;Одежда;42;300;12600
961;2023-09-29;Средство для мытья посуды;Бытовая химия;275;200;55000
962;2023-10-16;Микроволновая печь;Бытовая техника;17;4000;68000
963;2023-03-20;Настольная лампа;Товары для дома;304;1000;304000
964;2023-09-24;Гель для стирки;Бытовая химия;88;1000;88000
965;2023-06-10;Средство для мытья посуды;Бытовая химия;113;200;22600
966;2023-07-13;Утюг;Бытовая техника;219;1500;328500
967;2023-05-01;Верёвка;Товары для дома;349;500;174500
968;2023-09-30;Настольная лампа;Товары для дома;124;1000;124000
969;2023-01-30;Утюг;Бытовая техника;225;1500;337500
970;2023-05-05;Утюг;Бытовая техника;56;1500;84000
971;2023-11-12;Контейнер пищевой;Товары для дома;197;100;19700
972;2023-05-25;Носки;Одежда;141;300;42300
973;2023-07-16;Футболка;Одежда;124;1500;186000
974;2023-10-03;Шампиньоны;Пищевые продукты;104;10;1040
975;2023-09-26;Футболка;Одежда;283;1500;424500
976;2023-04-19;Гель для стирки;Бытовая химия;275;1000;275000
977;2023-04-21;Микроволновая печь;Бытовая техника;33;4000;132000
978;2023-09-07;Контейнер пищевой;Товары для дома;304;100;30400
979;2023-08-06;Мыло;Бытовая химия;308;100;30800
980;2023-07-01;Колбаса;Пищевые продукты;336;500;168000
981;2023-08-05;Пылесос;Бытовая техника;8;5000;40000
982;2023-07-30;Носки;Одежда;130;300;39000
983;2023-01-05;Удлинитель;Товары для дома;243;400;97200
984;2023-07-07;Контейнер пищевой;Товары для дома;173;100;17300
985;2023-06-21;Яблоки;Пищевые продукты;383;30;11490
986;2023-02-23;Мыло;Бытовая химия;149;100;14900
987;2023-04-18;Средство для мытья посуды;Бытовая химия;158;200;31600
988;2023-08-18;Удлинитель;Товары для дома;271;400;108400
989;2023-06-11;Верёвка;Товары для дома;38;500;19000
990;2023-08-21;Удлинитель;Товары для дома;136;400;54400
991;2023-02-04;Шампунь;Бытовая химия;274;300;82200
992;2023-09-10;Колбаса;Пищевые продукты;161;500;80500
993;2023-12-19;Утюг;Бытовая техника;284;1500;426000
994;2023-07-30;Настольная лампа;Товары для дома;137;1000;137000
995;2023-04-30;Шампиньоны;Пищевые продукты;278;10;2780
996;2023-08-04;Брюки;Одежда;10;4000;40000
997;2023-03-26;Колбаса;Пищевые продукты;66;500;33000
998;2023-10-25;Настольная лампа;Товары для дома;218;1000;218000
999;2023-12-22;Пылесос;Бытовая техника;4;5000;20000
1000;2023-07-10;Гель для стирки;Бытовая химия;120;1000;120000
